{
  "QLIKE": -4.081144332885742,
  "R2": 0.8502452969551086,
  "RMSE": 0.0037559366319328547,
  "MSE": 1.4107060451351572e-05,
  "MAE": 0.002714944537729025,
  "Directional_Accuracy": 61.18251928020566
}