{
  "timestamp": "2026-06-10T15:33:49.938309",
  "metrics": {
    "QLIKE": -4.081144332885742,
    "R2": 0.8502452969551086,
    "RMSE": 0.0037559366319328547,
    "MSE": 1.4107060451351572e-05,
    "MAE": 0.002714944537729025,
    "Directional_Accuracy": 61.18251928020566
  },
  "predictions_sample": [
    0.009611407294869423,
    0.009261997416615486,
    0.00982105452567339,
    0.010440010577440262,
    0.01102901715785265,
    0.011682914569973946,
    0.012356777675449848,
    0.012471583671867847,
    0.012621331959962845,
    0.012870910577476025,
    0.01330767385661602,
    0.013260253705084324,
    0.013110506348311901,
    0.013538544066250324,
    0.013194642961025238,
    0.013718683272600174,
    0.014635753817856312,
    0.014275476336479187,
    0.016093241050839424,
    0.017026688903570175,
    0.01935211755335331,
    0.020965179428458214,
    0.02303677797317505,
    0.024641651660203934,
    0.025607850402593613,
    0.026197396218776703,
    0.016209211200475693,
    0.016402825713157654,
    0.017354756593704224,
    0.017362825572490692,
    0.017967866733670235,
    0.018843159079551697,
    0.019153747707605362,
    0.01896013505756855,
    0.019307024776935577,
    0.01958131045103073,
    0.019194085150957108,
    0.01866971328854561,
    0.018568873405456543,
    0.018528174608945847,
    0.017484188079833984,
    0.017168566584587097,
    0.017411354929208755,
    0.017872650176286697,
    0.019717834889888763,
    0.02150232344865799,
    0.0234021358191967,
    0.024889208376407623,
    0.026315584778785706,
    0.02808186411857605,
    0.02789977379143238,
    0.029040874913334846,
    0.009103446267545223,
    0.007478894665837288,
    0.006285347044467926,
    0.004992336966097355,
    0.00442871730774641,
    0.004262947477400303,
    0.004594489000737667,
    0.004760258831083775,
    0.006053268909454346,
    0.00638481043279171,
    0.006716350093483925,
    0.006616889499127865,
    0.006915275007486343,
    0.014916669577360153,
    0.01462471578270197,
    0.01462471578270197,
    0.014437031000852585,
    0.014728984795510769,
    0.014124222099781036,
    0.012914696708321571,
    0.012476764619350433,
    0.013957391493022442,
    0.015271186828613281,
    0.015083501115441322,
    0.015166917815804482,
    0.014874963089823723,
    0.02521197311580181,
    0.025575855746865273,
    0.025988254696130753,
    0.02630968578159809,
    0.02719513326883316,
    0.027510497719049454,
    0.027625728398561478,
    0.027625728398561478,
    0.028129098936915398,
    0.027886509895324707,
    0.028101807460188866,
    0.0277439896017313,
    0.02794109284877777,
    0.02644401416182518,
    0.026219800114631653,
    0.026320695877075195,
    0.02712787315249443,
    0.02738572098314762,
    0.027811730280518532,
    0.029089760035276413,
    0.0296418908983469,
    0.030793797224760056
  ],
  "actuals_sample": [
    0.009612920694053173,
    0.01025973167270422,
    0.011240019463002682,
    0.011433310806751251,
    0.01149704772979021,
    0.011451885104179382,
    0.011370299383997917,
    0.011326072737574577,
    0.013341827318072319,
    0.01761287823319435,
    0.01777377910912037,
    0.018682215362787247,
    0.018750442191958427,
    0.013667468912899494,
    0.013779835775494576,
    0.01406647078692913,
    0.01635558344423771,
    0.01870661973953247,
    0.019288688898086548,
    0.018290655687451363,
    0.017155207693576813,
    0.01737752929329872,
    0.017929507419466972,
    0.01820005290210247,
    0.018852880224585533,
    0.019160374999046326,
    0.01590067707002163,
    0.015904078260064125,
    0.01638467237353325,
    0.019782591611146927,
    0.02077792026102543,
    0.020968955010175705,
    0.021013833582401276,
    0.021544095128774643,
    0.02149796113371849,
    0.020510457456111908,
    0.019921457394957542,
    0.020118847489356995,
    0.020369891077280045,
    0.01777728833258152,
    0.017627233639359474,
    0.01762297749519348,
    0.023662330582737923,
    0.023707062005996704,
    0.02361246384680271,
    0.024264981970191002,
    0.02401041053235531,
    0.024749554693698883,
    0.02488843910396099,
    0.02491404116153717,
    0.02503151446580887,
    0.025182537734508514,
    0.009503803215920925,
    0.009645778685808182,
    0.009726431220769882,
    0.010111121460795403,
    0.010185474529862404,
    0.010901715606451035,
    0.010910848155617714,
    0.010833925567567348,
    0.010828182101249695,
    0.01051357202231884,
    0.010011931881308556,
    0.010461635887622833,
    0.010418129153549671,
    0.014956092461943626,
    0.01794985868036747,
    0.018123051151633263,
    0.018999656662344933,
    0.01878497563302517,
    0.02025928534567356,
    0.0204242542386055,
    0.0201446283608675,
    0.02067280188202858,
    0.02089819312095642,
    0.02089715376496315,
    0.02108420431613922,
    0.02081618830561638,
    0.028031015768647194,
    0.02842314913868904,
    0.03152813762426376,
    0.03234031796455383,
    0.036867715418338776,
    0.037365514785051346,
    0.037906985729932785,
    0.03854280337691307,
    0.039432503283023834,
    0.03934633731842041,
    0.039438825100660324,
    0.03633018955588341,
    0.03875186666846275,
    0.02569354884326458,
    0.02477273903787136,
    0.026082783937454224,
    0.027112431824207306,
    0.03191298618912697,
    0.03139084577560425,
    0.03258530795574188,
    0.033101264387369156,
    0.03389788046479225
  ]
}